name_cyrillic,slug_latin,note,region,url
Белозорье,bilozirya,,cherkassy,https://myshtetl.org/vostok/bilozirya.html
Бурты,burty,,cherkassy,https://myshtetl.org/vostok/burty.html
Чигирин,chigirin,,cherkassy,https://myshtetl.org/vostok/chigirin.html
Драбов,drabov,,cherkassy,https://myshtetl.org/vostok/drabov.html
Гельмязов,gelmyazov,,cherkassy,https://myshtetl.org/vostok/gelmyazov.html
Ирклиев,irkliev,,cherkassy,https://myshtetl.org/vostok/irkliev.html
Ивангород,ivangorod,,cherkassy,https://myshtetl.org/vostok/ivangorod.html
Иваньки,ivanki,,cherkassy,https://myshtetl.org/vostok/ivanki.html
Мокрая Калигорка,kaligorka,,cherkassy,https://myshtetl.org/vostok/kaligorka.html
Каменка,kamenka_cher,,cherkassy,https://myshtetl.org/vostok/kamenka_cher.html
Канев,kanev,,cherkassy,https://myshtetl.org/vostok/kanev.html
Христиновка,khristinovka,,cherkassy,https://myshtetl.org/vostok/khristinovka.html
Худяки,khudyaky,,cherkassy,https://myshtetl.org/vostok/khudyaky.html
Княжа Криница,knyazha_krynytsia,,cherkassy,https://myshtetl.org/vostok/knyazha_krynytsia.html
Ладыжинка,ladyzhinka,,cherkassy,https://myshtetl.org/vostok/ladyzhinka.html
Лебедин,lebedyn_cherk,,cherkassy,https://myshtetl.org/vostok/lebedyn_cherk.html
Лукашевка,lukashevka,,cherkassy,https://myshtetl.org/vostok/lukashevka.html
Маньковка,mankovka,,cherkassy,https://myshtetl.org/vostok/mankovka.html
Матусов,matusov,,cherkassy,https://myshtetl.org/vostok/matusov.html
Медведевка,medvedovka,,cherkassy,https://myshtetl.org/vostok/medvedovka.html
Межирич,mezhirich_cherk,,cherkassy,https://myshtetl.org/vostok/mezhirich_cherk.html
Млиев,mliyiv,,cherkassy,https://myshtetl.org/vostok/mliyiv.html
Монастырище,monastyrishche,,cherkassy,https://myshtetl.org/vostok/monastyrishche.html
Мошны,moshny,,cherkassy,https://myshtetl.org/vostok/moshny.html
Орловец,orlovets,,cherkassy,https://myshtetl.org/vostok/orlovets.html
Рижановка,rizhanovka,,cherkassy,https://myshtetl.org/vostok/rizhanovka.html
Ротмистровка,rotmistrovka,,cherkassy,https://myshtetl.org/vostok/rotmistrovka.html
Русская Поляна,ruska_polyana,,cherkassy,https://myshtetl.org/vostok/ruska_polyana.html
Сарны,sarny,,cherkassy,https://myshtetl.org/vostok/sarny.html
Шендеровка,shenderovka,,cherkassy,https://myshtetl.org/vostok/shenderovka.html
Шпола,shpola,,cherkassy,https://myshtetl.org/vostok/shpola.html
Смела,smela,,cherkassy,https://myshtetl.org/vostok/smela.html
Стеблев,steblev,,cherkassy,https://myshtetl.org/vostok/steblev.html
Телепино,telepyne,,cherkassy,https://myshtetl.org/vostok/telepyne.html
Терлица,terlitsa,,cherkassy,https://myshtetl.org/vostok/terlitsa.html
Цибулев,tsybulev,,cherkassy,https://myshtetl.org/vostok/tsybulev.html
Умань - фотопрогулки,uman,,cherkassy,https://myshtetl.org/vostok/uman.html
Умань - история,uman2,,cherkassy,https://myshtetl.org/vostok/uman2.html
Веремиевка,veremievka,,cherkassy,https://myshtetl.org/vostok/veremievka.html
Вязовок,vyazivok,,cherkassy,https://myshtetl.org/vostok/vyazivok.html
Жаботин,zhabotyn,,cherkassy,https://myshtetl.org/vostok/zhabotyn.html
Золотоноша,zolotonosha,,cherkassy,https://myshtetl.org/vostok/zolotonosha.html
Борзна,borzna,,chernigov,https://myshtetl.org/vostok/borzna.html
Городня,gorodnya,,chernigov,https://myshtetl.org/vostok/gorodnya.html
Короп,korop,,chernigov,https://myshtetl.org/vostok/korop.html
Мена,mena,,chernigov,https://myshtetl.org/vostok/mena.html
Новгород-Северский,novgorod,,chernigov,https://myshtetl.org/vostok/novgorod.html
Новые Млыны,noviye_mlyny,,chernigov,https://myshtetl.org/vostok/noviye_mlyny.html
Сновск,snovsk,,chernigov,https://myshtetl.org/vostok/snovsk.html
Сосница,sosnitsa,,chernigov,https://myshtetl.org/vostok/sosnitsa.html
Babyn,babyn,,chernovtsy,https://myshtetl.org/chernovickaja/babyn.html
Balamutivka,balamutivka,,chernovtsy,https://myshtetl.org/chernovickaja/balamutivka.html
Банилов,banilov,,chernovtsy,https://myshtetl.org/chernovickaja/banilov.html
Banyliv,banilov_en,,chernovtsy,https://myshtetl.org/chernovickaja/banilov_en.html
Banyliv Pidhirnyy,banyliv_pidhirnyy,,chernovtsy,https://myshtetl.org/chernovickaja/banyliv_pidhirnyy.html
Берегомет,beregomet,,chernovtsy,https://myshtetl.org/chernovickaja/beregomet.html
Beregomet,beregomet_en,,chernovtsy,https://myshtetl.org/chernovickaja/beregomet_en.html
Бояны,boyany,,chernovtsy,https://myshtetl.org/chernovickaja/boyany.html
Boyany,boyany_en,,chernovtsy,https://myshtetl.org/chernovickaja/boyany_en.html
Черновцы,chernovcy,,chernovtsy,https://myshtetl.org/chernovickaja/chernovcy.html
Chudey,chudey,,chernovtsy,https://myshtetl.org/chernovickaja/chudey.html
Герца,gerca,,chernovtsy,https://myshtetl.org/chernovickaja/gerca.html
Gerca,gerca_en,,chernovtsy,https://myshtetl.org/chernovickaja/gerca_en.html
Hlyboka,hlyboka,,chernovtsy,https://myshtetl.org/chernovickaja/hlyboka.html
Хотын,hotyn,,chernovtsy,https://myshtetl.org/chernovickaja/hotyn.html
Hotyn,hotyn_en,,chernovtsy,https://myshtetl.org/chernovickaja/hotyn_en.html
Hrozyntsi,hrozyntsi,,chernovtsy,https://myshtetl.org/chernovickaja/hrozyntsi.html
Kelmentsi,kelmentsi,,chernovtsy,https://myshtetl.org/chernovickaja/kelmentsi.html
Кицмань,kicman,,chernovtsy,https://myshtetl.org/chernovickaja/kicman.html
Kitsman,kicman_en,,chernovtsy,https://myshtetl.org/chernovickaja/kicman_en.html
Klishkivtsi,klishkivtsi,,chernovtsy,https://myshtetl.org/chernovickaja/klishkivtsi.html
Kolinkivtsi,kolinkivtsi,,chernovtsy,https://myshtetl.org/chernovickaja/kolinkivtsi.html
Korytne,korytne,,chernovtsy,https://myshtetl.org/chernovickaja/korytne.html
Kostyntsi,kostyntsi,,chernovtsy,https://myshtetl.org/chernovickaja/kostyntsi.html
Krasnoputna,krasnoputna,,chernovtsy,https://myshtetl.org/chernovickaja/krasnoputna.html
Luzhany,luzhany,,chernovtsy,https://myshtetl.org/chernovickaja/luzhany.html
Malyy Kuchuriv,malyy_kuchuriv,,chernovtsy,https://myshtetl.org/chernovickaja/malyy_kuchuriv.html
Miliieve,miliieve,,chernovtsy,https://myshtetl.org/chernovickaja/miliieve.html
Nepolokivtsi,nepolokivtsi,,chernovtsy,https://myshtetl.org/chernovickaja/nepolokivtsi.html
Новоселица,novoselica_ch,,chernovtsy,https://myshtetl.org/chernovickaja/novoselica_ch.html
Novoselytsia,novoselica_ch_en,,chernovtsy,https://myshtetl.org/chernovickaja/novoselica_ch_en.html
Nyzhni Stanivtsi,nyzhni_stanivtsi,,chernovtsy,https://myshtetl.org/chernovickaja/nyzhni_stanivtsi.html
Onut,onut,,chernovtsy,https://myshtetl.org/chernovickaja/onut.html
Putyla,putyla,,chernovtsy,https://myshtetl.org/chernovickaja/putyla.html
Roztoky,roztoky,,chernovtsy,https://myshtetl.org/chernovickaja/roztoky.html
Rzhavyntsi,rzhavyntsi,,chernovtsy,https://myshtetl.org/chernovickaja/rzhavyntsi.html
Садгора,sadgora,,chernovtsy,https://myshtetl.org/chernovickaja/sadgora.html
Sadgora,sadgora_en,,chernovtsy,https://myshtetl.org/chernovickaja/sadgora_en.html
Seliatyn,seliatyn,,chernovtsy,https://myshtetl.org/chernovickaja/seliatyn.html
Sokyryany,sokyryany,,chernovtsy,https://myshtetl.org/chernovickaja/sokyryany.html
Старая Жадова,stara_zhadova,,chernovtsy,https://myshtetl.org/chernovickaja/stara_zhadova.html
Stara Zhadova,stara_zhadova_en,,chernovtsy,https://myshtetl.org/chernovickaja/stara_zhadova_en.html
Сторожинец,storozhinec,,chernovtsy,https://myshtetl.org/chernovickaja/storozhinec.html
Storozhynets,storozhinec_en,,chernovtsy,https://myshtetl.org/chernovickaja/storozhinec_en.html
Вашковцы,vashkovcy,,chernovtsy,https://myshtetl.org/chernovickaja/vashkovcy.html
Vashkivtsi,vashkovcy_en,,chernovtsy,https://myshtetl.org/chernovickaja/vashkovcy_en.html
Velykyy Kuchuriv,velykyy_kuchuriv,,chernovtsy,https://myshtetl.org/chernovickaja/velykyy_kuchuriv.html
Verenchanka,verenchanka,,chernovtsy,https://myshtetl.org/chernovickaja/verenchanka.html
Виженка,vizhenka,,chernovtsy,https://myshtetl.org/chernovickaja/vizhenka.html
Vizhenka,vizhenka_en,,chernovtsy,https://myshtetl.org/chernovickaja/vizhenka_en.html
Вижница,vizhnica,,chernovtsy,https://myshtetl.org/chernovickaja/vizhnica.html
Vyzhnytsia,vizhnica_en,,chernovtsy,https://myshtetl.org/chernovickaja/vizhnica_en.html
Zarozhany,zarozhany,,chernovtsy,https://myshtetl.org/chernovickaja/zarozhany.html
Заставна,zastavna,,chernovtsy,https://myshtetl.org/chernovickaja/zastavna.html
Zastavna,zastavna_en,,chernovtsy,https://myshtetl.org/chernovickaja/zastavna_en.html
Zveniachyn,zveniachyn,,chernovtsy,https://myshtetl.org/chernovickaja/zveniachyn.html
Каменское,dnepodzerzhinsk,,dnepr,https://myshtetl.org/dnepropetrovsk/dnepodzerzhinsk.html
Днепр,dnepr,,dnepr,https://myshtetl.org/dnepropetrovsk/dnepr.html
Ингулец,ingulec,,dnepr,https://myshtetl.org/dnepropetrovsk/ingulec.html
Излучистая,izluchistaya,,dnepr,https://myshtetl.org/dnepropetrovsk/izluchistaya.html
Каменка,kamenka,,dnepr,https://myshtetl.org/dnepropetrovsk/kamenka.html
Китайгород,kitaygorod_dn,,dnepr,https://myshtetl.org/dnepropetrovsk/kitaygorod_dn.html
Новоковно,novokovno,,dnepr,https://myshtetl.org/dnepropetrovsk/novokovno.html
Новомосковск,novomoskovsk,,dnepr,https://myshtetl.org/dnepropetrovsk/novomoskovsk.html
Новоподольск,novopodolsk,,dnepr,https://myshtetl.org/dnepropetrovsk/novopodolsk.html
Нововитебск,novovitebsk,,dnepr,https://myshtetl.org/dnepropetrovsk/novovitebsk.html
Новожитомир,novozhitomir,,dnepr,https://myshtetl.org/dnepropetrovsk/novozhitomir.html
Павлоград,pavlograd,,dnepr,https://myshtetl.org/dnepropetrovsk/pavlograd.html
Рудка,rudka,,dnepr,https://myshtetl.org/dnepropetrovsk/rudka.html
Синельниково,sinelnikovo,,dnepr,https://myshtetl.org/dnepropetrovsk/sinelnikovo.html
Соленое,solenoye,,dnepr,https://myshtetl.org/dnepropetrovsk/solenoye.html
Сталиндорфский национальный район,stalindorf,,dnepr,https://myshtetl.org/dnepropetrovsk/stalindorf.html
Старые Кодаки,stariye_kodaki,,dnepr,https://myshtetl.org/dnepropetrovsk/stariye_kodaki.html
Верхнеднепровск,verkhnedneprovsk,,dnepr,https://myshtetl.org/dnepropetrovsk/verkhnedneprovsk.html
Алчевск,alchevsk,,doneck,https://myshtetl.org/vostok/alchevsk.html
Дружковка,druzhkovka,,doneck,https://myshtetl.org/vostok/druzhkovka.html
Хлебодаровка,khlebodarovka,земледельческая колония №17,doneck,https://myshtetl.org/vostok/khlebodarovka.html
Прелестное,prelestnoye,,doneck,https://myshtetl.org/vostok/prelestnoye.html
Ровнополь,ravnopol,земледельческая колония №16,doneck,https://myshtetl.org/vostok/ravnopol.html
Святогорск,svyatogorsk,,doneck,https://myshtetl.org/vostok/svyatogorsk.html
Затишье,zatishye,земледельческая колония №15,doneck,https://myshtetl.org/vostok/zatishye.html
Bilshivtsi,bilshivtsi,,frankovsk,https://myshtetl.org/lvovskaja/bilshivtsi.html
Bohorodchany,bohorodchany,,frankovsk,https://myshtetl.org/lvovskaja/bohorodchany.html
Bolekhiv,bolekhiv_en,,frankovsk,https://myshtetl.org/lvovskaja/bolekhiv_en.html
Болехов,bolekhov,,frankovsk,https://myshtetl.org/lvovskaja/bolekhov.html
Bukachivtsi,bukachivtsi,,frankovsk,https://myshtetl.org/lvovskaja/bukachivtsi.html
Бурштын,burshtyn,,frankovsk,https://myshtetl.org/lvovskaja/burshtyn.html
Burshtyn,burshtyn_en,,frankovsk,https://myshtetl.org/lvovskaja/burshtyn_en.html
Chernelytsya,chernelytsya,,frankovsk,https://myshtetl.org/lvovskaja/chernelytsya.html
Deliatyn,deliatyn,,frankovsk,https://myshtetl.org/lvovskaja/deliatyn.html
Dolyna,dolyna,,frankovsk,https://myshtetl.org/lvovskaja/dolyna.html
Галич,galych,,frankovsk,https://myshtetl.org/lvovskaja/galych.html
Городенка,gorodenka,,frankovsk,https://myshtetl.org/lvovskaja/gorodenka.html
Halych,halych_en,,frankovsk,https://myshtetl.org/lvovskaja/halych_en.html
Horodenka,horodenka_en,,frankovsk,https://myshtetl.org/lvovskaja/horodenka_en.html
Hvizdets,hvizdets,,frankovsk,https://myshtetl.org/lvovskaja/hvizdets.html
Ивано-Франковск,ivanofrankovsk,,frankovsk,https://myshtetl.org/lvovskaja/ivanofrankovsk.html
Kalush,kalush,,frankovsk,https://myshtetl.org/lvovskaja/kalush.html
Khotymyr,khotymyr,,frankovsk,https://myshtetl.org/lvovskaja/khotymyr.html
Knyahynychi,knyahynychi,,frankovsk,https://myshtetl.org/lvovskaja/knyahynychi.html
Коломыя,kolomiya,,frankovsk,https://myshtetl.org/lvovskaja/kolomiya.html
Kolomyya,kolomyya_en,,frankovsk,https://myshtetl.org/lvovskaja/kolomyya_en.html
Kosiv,kosiv_en,,frankovsk,https://myshtetl.org/lvovskaja/kosiv_en.html
Косов,kosov,,frankovsk,https://myshtetl.org/lvovskaja/kosov.html
Kulachkivtsi,kulachkivtsi,,frankovsk,https://myshtetl.org/lvovskaja/kulachkivtsi.html
Куты,kuty,,frankovsk,https://myshtetl.org/lvovskaja/kuty.html
Kuty,kuty_en,,frankovsk,https://myshtetl.org/lvovskaja/kuty_en.html
Lanchyn,lanchyn,,frankovsk,https://myshtetl.org/lvovskaja/lanchyn.html
Lysets,lysets,,frankovsk,https://myshtetl.org/lvovskaja/lysets.html
Mariiampil,mariiampil,,frankovsk,https://myshtetl.org/lvovskaja/mariiampil.html
Mykulychyn,mykulychyn,,frankovsk,https://myshtetl.org/lvovskaja/mykulychyn.html
Nadvirna,nadvirna,,frankovsk,https://myshtetl.org/lvovskaja/nadvirna.html
Nyzhniv,nyzhniv,,frankovsk,https://myshtetl.org/lvovskaja/nyzhniv.html
Obertyn,obertyn,,frankovsk,https://myshtetl.org/lvovskaja/obertyn.html
Otyniya,otyniya,,frankovsk,https://myshtetl.org/lvovskaja/otyniya.html
Pechenizhyn,pechenizhyn,,frankovsk,https://myshtetl.org/lvovskaja/pechenizhyn.html
Perehinske,perehinske,,frankovsk,https://myshtetl.org/lvovskaja/perehinske.html
Pistyn,pistyn,,frankovsk,https://myshtetl.org/lvovskaja/pistyn.html
Rohatyn,rohatyn,,frankovsk,https://myshtetl.org/lvovskaja/rohatyn.html
Rozhniativ,rozhniativ,,frankovsk,https://myshtetl.org/lvovskaja/rozhniativ.html
Sniatyn,sniatyn_en,,frankovsk,https://myshtetl.org/lvovskaja/sniatyn_en.html
Снятин,snyatin,,frankovsk,https://myshtetl.org/lvovskaja/snyatin.html
Solotvyn,solotvyn,,frankovsk,https://myshtetl.org/lvovskaja/solotvyn.html
Tlumach,tlumach,,frankovsk,https://myshtetl.org/lvovskaja/tlumach.html
Tysmenytsya,tysmenytsya,,frankovsk,https://myshtetl.org/lvovskaja/tysmenytsya.html
Verkhovyna,verkhovyna,,frankovsk,https://myshtetl.org/lvovskaja/verkhovyna.html
Voynyliv,voynyliv,,frankovsk,https://myshtetl.org/lvovskaja/voynyliv.html
Yabluniv,yabluniv,,frankovsk,https://myshtetl.org/lvovskaja/yabluniv.html
Яремче,yaremche,,frankovsk,https://myshtetl.org/lvovskaja/yaremche.html
Yezupil,yezupil,,frankovsk,https://myshtetl.org/lvovskaja/yezupil.html
Zabolotiv,zabolotiv_en,,frankovsk,https://myshtetl.org/lvovskaja/zabolotiv_en.html
Заболотов,zabolotov,,frankovsk,https://myshtetl.org/lvovskaja/zabolotov.html
Харьков,kharkov,,kharkov,https://myshtetl.org/vostok/kharkov.html
Натальевка,natalievka,,kharkov,https://myshtetl.org/vostok/natalievka.html
Пархомовка,parkhomovka,,kharkov,https://myshtetl.org/vostok/parkhomovka.html
Шаровка,sharovka,,kharkov,https://myshtetl.org/vostok/sharovka.html
Аскания-Нова,askania_nova,,kherson,https://myshtetl.org/odesskaja/askania_nova.html
Херсон,kherson,,kherson,https://myshtetl.org/odesskaja/kherson.html
Аннополь,annopol,,khmelnitskiy,https://myshtetl.org/khmelnitskaja/annopol.html
Балин,balin,,khmelnitskiy,https://myshtetl.org/khmelnitskaja/balin.html
Базалия,bazaliya,,khmelnitskiy,https://myshtetl.org/khmelnitskaja/bazaliya.html
Белогородка,belohorodka,,khmelnitskiy,https://myshtetl.org/khmelnitskaja/belohorodka.html
Берездов,berezdov,,khmelnitskiy,https://myshtetl.org/khmelnitskaja/berezdov.html
Буцни,butsni,,khmelnitskiy,https://myshtetl.org/khmelnitskaja/butsni.html
Чемеровцы,chemerovcy,,khmelnitskiy,https://myshtetl.org/khmelnitskaja/chemerovcy.html
Черче,cherche,,khmelnitskiy,https://myshtetl.org/khmelnitskaja/cherche.html
Черный Остров,cherniy_ostrov,,khmelnitskiy,https://myshtetl.org/khmelnitskaja/cherniy_ostrov.html
Деражня,derazhnya,,khmelnitskiy,https://myshtetl.org/khmelnitskaja/derazhnya.html
Дунаевцы,dunaevcy,,khmelnitskiy,https://myshtetl.org/khmelnitskaja/dunaevcy.html
Фельштын,felshtyn,,khmelnitskiy,https://myshtetl.org/khmelnitskaja/felshtyn.html
Городок,gorodok,,khmelnitskiy,https://myshtetl.org/khmelnitskaja/gorodok.html
Говоры,govory,,khmelnitskiy,https://myshtetl.org/khmelnitskaja/govory.html
Грицев,gricev,,khmelnitskiy,https://myshtetl.org/khmelnitskaja/gricev.html
Гусятин,husyatin_khm,,khmelnitskiy,https://myshtetl.org/khmelnitskaja/husyatin_khm.html
Изяслав,izyaslav,,khmelnitskiy,https://myshtetl.org/khmelnitskaja/izyaslav.html
Каменец-Под,kamenec,,khmelnitskiy,https://myshtetl.org/khmelnitskaja/kamenec.html
Киликиев,kilikiev,,khmelnitskiy,https://myshtetl.org/khmelnitskaja/kilikiev.html
Китайгород,kitaygorod,,khmelnitskiy,https://myshtetl.org/khmelnitskaja/kitaygorod.html
Корница,kornica,,khmelnitskiy,https://myshtetl.org/khmelnitskaja/kornica.html
Фрамполь,kosogorka,Косогорка,khmelnitskiy,https://myshtetl.org/khmelnitskaja/kosogorka.html
Красилов,krasilov,,khmelnitskiy,https://myshtetl.org/khmelnitskaja/krasilov.html
Красностав,krasnostav,,khmelnitskiy,https://myshtetl.org/khmelnitskaja/krasnostav.html
Кульчины,kulchiny,,khmelnitskiy,https://myshtetl.org/khmelnitskaja/kulchiny.html
Кунев,kunev,,khmelnitskiy,https://myshtetl.org/khmelnitskaja/kunev.html
Купель,kupel,,khmelnitskiy,https://myshtetl.org/khmelnitskaja/kupel.html
Купин,kupin,,khmelnitskiy,https://myshtetl.org/khmelnitskaja/kupin.html
Кузьмин,kuzmin,,khmelnitskiy,https://myshtetl.org/khmelnitskaja/kuzmin.html
Лесоводы,lesovody,,khmelnitskiy,https://myshtetl.org/khmelnitskaja/lesovody.html
Летичев,letichev,,khmelnitskiy,https://myshtetl.org/khmelnitskaja/letichev.html
Летичевский укрепрайон,leur,,khmelnitskiy,https://myshtetl.org/khmelnitskaja/leur.html
Лянцкорунь,lyanckorun,Заричанка,khmelnitskiy,https://myshtetl.org/khmelnitskaja/lyanckorun.html
Шатава,makov,,khmelnitskiy,https://myshtetl.org/khmelnitskaja/makov.html
Малиевцы,malievcy,,khmelnitskiy,https://myshtetl.org/khmelnitskaja/malievcy.html
Меджибож,medzhibozh,,khmelnitskiy,https://myshtetl.org/khmelnitskaja/medzhibozh.html
Меджибож кладбище,medzhibozh2,,khmelnitskiy,https://myshtetl.org/khmelnitskaja/medzhibozh2.html
Михалполь,mikhalpol,,khmelnitskiy,https://myshtetl.org/khmelnitskaja/mikhalpol.html
Миньковцы,minkovcy,,khmelnitskiy,https://myshtetl.org/khmelnitskaja/minkovcy.html
Николаев,nikolaev_khm,,khmelnitskiy,https://myshtetl.org/khmelnitskaja/nikolaev_khm.html
Новая Ушица,novaya_ushica,,khmelnitskiy,https://myshtetl.org/khmelnitskaja/novaya_ushica.html
Новоконстантинов,novokonstantinov,,khmelnitskiy,https://myshtetl.org/khmelnitskaja/novokonstantinov.html
Новолабунь,novolabun,,khmelnitskiy,https://myshtetl.org/khmelnitskaja/novolabun.html
Новоселица,novoselica_hm,,khmelnitskiy,https://myshtetl.org/khmelnitskaja/novoselica_hm.html
Орынин,orynin,,khmelnitskiy,https://myshtetl.org/khmelnitskaja/orynin.html
Острополь,ostropol,,khmelnitskiy,https://myshtetl.org/khmelnitskaja/ostropol.html
Ожиговцы,ozhigovcy,,khmelnitskiy,https://myshtetl.org/khmelnitskaja/ozhigovcy.html
Пилява,pilyava,,khmelnitskiy,https://myshtetl.org/khmelnitskaja/pilyava.html
Полонное,polonnoye,,khmelnitskiy,https://myshtetl.org/khmelnitskaja/polonnoye.html
Самчики,samchiki,,khmelnitskiy,https://myshtetl.org/khmelnitskaja/samchiki.html
Сатанов,satanov,,khmelnitskiy,https://myshtetl.org/khmelnitskaja/satanov.html
Сатанов кладбище,satanov_cemetery,,khmelnitskiy,https://myshtetl.org/khmelnitskaja/satanov_cemetery.html
Сатанов кладбище2,satanov_cemetery2,,khmelnitskiy,https://myshtetl.org/khmelnitskaja/satanov_cemetery2.html
Шепетовка,shepetovka,,khmelnitskiy,https://myshtetl.org/khmelnitskaja/shepetovka.html
Славута,slavuta,,khmelnitskiy,https://myshtetl.org/khmelnitskaja/slavuta.html
Смотрич,smotrich,,khmelnitskiy,https://myshtetl.org/khmelnitskaja/smotrich.html
Снитовка,snitovka,,khmelnitskiy,https://myshtetl.org/khmelnitskaja/snitovka.html
Соколец,sokolec,,khmelnitskiy,https://myshtetl.org/khmelnitskaja/sokolec.html
Солобковцы,solobkovcy,,khmelnitskiy,https://myshtetl.org/khmelnitskaja/solobkovcy.html
Старая Синява,staraya_sinyava,,khmelnitskiy,https://myshtetl.org/khmelnitskaja/staraya_sinyava.html
Старая Ушица,staraya_ushica,,khmelnitskiy,https://myshtetl.org/khmelnitskaja/staraya_ushica.html
Старый Майдан,stariy_maydan,,khmelnitskiy,https://myshtetl.org/khmelnitskaja/stariy_maydan.html
Староконстантинов,staroconstantinov,,khmelnitskiy,https://myshtetl.org/khmelnitskaja/staroconstantinov.html
Студеница,studenica,,khmelnitskiy,https://myshtetl.org/khmelnitskaja/studenica.html
Судилков,sudilkov,,khmelnitskiy,https://myshtetl.org/khmelnitskaja/sudilkov.html
Сутковцы,sutkovcy,,khmelnitskiy,https://myshtetl.org/khmelnitskaja/sutkovcy.html
Тарноруда,tarnoruda,,khmelnitskiy,https://myshtetl.org/khmelnitskaja/tarnoruda.html
Теофиполь,teofipol,,khmelnitskiy,https://myshtetl.org/khmelnitskaja/teofipol.html
Великий Жванчик,velikiy_zhvanchik,,khmelnitskiy,https://myshtetl.org/khmelnitskaja/velikiy_zhvanchik.html
Виньковцы,vinkovcy,,khmelnitskiy,https://myshtetl.org/khmelnitskaja/vinkovcy.html
Волковинцы,volkovincy,,khmelnitskiy,https://myshtetl.org/khmelnitskaja/volkovincy.html
Волочиск,volochisk,,khmelnitskiy,https://myshtetl.org/khmelnitskaja/volochisk.html
Ямполь,yampol_hm,,khmelnitskiy,https://myshtetl.org/khmelnitskaja/yampol_hm.html
Ярмолинцы,yarmolincy,,khmelnitskiy,https://myshtetl.org/khmelnitskaja/yarmolincy.html
Замехов,zamekhov,,khmelnitskiy,https://myshtetl.org/khmelnitskaja/zamekhov.html
Збриж,zbryzh,,khmelnitskiy,https://myshtetl.org/khmelnitskaja/zbryzh.html
Жищенцы,zhischency,,khmelnitskiy,https://myshtetl.org/khmelnitskaja/zhischency.html
Жванец,zhvanec,,khmelnitskiy,https://myshtetl.org/khmelnitskaja/zhvanec.html
Зиньков,zinkov,,khmelnitskiy,https://myshtetl.org/khmelnitskaja/zinkov.html
Барышевка,baryshevka,,kiev,https://myshtetl.org/vostok/baryshevka.html
Бобер,bober,зем. кол.,kiev,https://myshtetl.org/vostok/bober.html
Бородянка,borodyanka,,kiev,https://myshtetl.org/vostok/borodyanka.html
Боярка и Будаевка,boyarka,,kiev,https://myshtetl.org/vostok/boyarka.html
Чернобыль,chernobyl,,kiev,https://myshtetl.org/vostok/chernobyl.html
Демиевка,demievka,,kiev,https://myshtetl.org/vostok/demievka.html
Горностайполь,gornostaypol,,kiev,https://myshtetl.org/vostok/gornostaypol.html
Гостомель,gostomel,,kiev,https://myshtetl.org/vostok/gostomel.html
Гребенки,grebenki,,kiev,https://myshtetl.org/vostok/grebenki.html
Игнатовка,ignatovka,,kiev,https://myshtetl.org/vostok/ignatovka.html
Карапыши,karapyshi,,kiev,https://myshtetl.org/vostok/karapyshi.html
Ходоров,khodorov_kiev,,kiev,https://myshtetl.org/vostok/khodorov_kiev.html
Киев,kiev,,kiev,https://myshtetl.org/vostok/kiev.html
Кодра,kodra,,kiev,https://myshtetl.org/vostok/kodra.html
Козин,kozyn,,kiev,https://myshtetl.org/vostok/kozyn.html
Медвин,medvin,,kiev,https://myshtetl.org/vostok/medvin.html
Мотыжин,motyzhyn,,kiev,https://myshtetl.org/vostok/motyzhyn.html
Мироновка,myronivka,,kiev,https://myshtetl.org/vostok/myronivka.html
Насташка,nastashka,,kiev,https://myshtetl.org/vostok/nastashka.html
Ольшаница,olshanytsya,,kiev,https://myshtetl.org/vostok/olshanytsya.html
Припять,pripyat,,kiev,https://myshtetl.org/vostok/pripyat.html
Росава,rosava,,kiev,https://myshtetl.org/vostok/rosava.html
Рожев,rozhev,,kiev,https://myshtetl.org/vostok/rozhev.html
Рудня-Бобрик,rudnya_bobrik,Максимовичи,kiev,https://myshtetl.org/vostok/rudnya_bobrik.html
Ситняковская,sitnyakovskaya,зем. кол.,kiev,https://myshtetl.org/vostok/sitnyakovskaya.html
Ставище,stavishche,,kiev,https://myshtetl.org/vostok/stavishche.html
Тетиев,tetiev,,kiev,https://myshtetl.org/vostok/tetiev.html
Трилесы,trylisy,,kiev,https://myshtetl.org/vostok/trylisy.html
Варовичи,varovichi,зем. кол.,kiev,https://myshtetl.org/vostok/varovichi.html
Василев,vasyliv,,kiev,https://myshtetl.org/vostok/vasyliv.html
Володарка,volodarka,,kiev,https://myshtetl.org/vostok/volodarka.html
Ясногородка,yasnogorodka,,kiev,https://myshtetl.org/vostok/yasnogorodka.html
Жидовская Гребля,zhidovska_greblya,Калиново,kiev,https://myshtetl.org/vostok/zhidovska_greblya.html
Александровка,aleksandrovka_kir,,kropivnitskiy,https://myshtetl.org/vostok/aleksandrovka_kir.html
Форостенская,forostenskaya,,kropivnitskiy,https://myshtetl.org/vostok/forostenskaya.html
Голованевск,golovanevsk,,kropivnitskiy,https://myshtetl.org/vostok/golovanevsk.html
Громоклей,gromokley,,kropivnitskiy,https://myshtetl.org/vostok/gromokley.html
Израилевка,izrailevka,,kropivnitskiy,https://myshtetl.org/vostok/izrailevka.html
Хащеватое,khaschuvatoye,,kropivnitskiy,https://myshtetl.org/vostok/khaschuvatoye.html
Крылов,krylov,,kropivnitskiy,https://myshtetl.org/vostok/krylov.html
Покотилово,pokotilovo,,kropivnitskiy,https://myshtetl.org/vostok/pokotilovo.html
Сагайдак,sagaydak,,kropivnitskiy,https://myshtetl.org/vostok/sagaydak.html
Сосновская,sosnovskaya,,kropivnitskiy,https://myshtetl.org/vostok/sosnovskaya.html
Ставидла,stavydla,,kropivnitskiy,https://myshtetl.org/vostok/stavydla.html
Торговица,torgovitsa,,kropivnitskiy,https://myshtetl.org/vostok/torgovitsa.html
Цветнянская,tsvetnyanskaya,,kropivnitskiy,https://myshtetl.org/vostok/tsvetnyanskaya.html
Выше-Верещакская,vyshevereshch,,kropivnitskiy,https://myshtetl.org/vostok/vyshevereshch.html
Златополь,zlatopol,,kropivnitskiy,https://myshtetl.org/vostok/zlatopol.html
Алупка,alupka,,krym,https://myshtetl.org/krym/alupka.html
Алушта,alushta,,krym,https://myshtetl.org/krym/alushta.html
Бахчисарай,bakhchisaray,,krym,https://myshtetl.org/krym/bakhchisaray.html
Балаклава,balaklava,,krym,https://myshtetl.org/krym/balaklava.html
Джанкой,dzhankoy,,krym,https://myshtetl.org/krym/dzhankoy.html
Инкерман,inkerman,,krym,https://myshtetl.org/krym/inkerman.html
Ливадия,jalta,,krym,https://myshtetl.org/krym/jalta.html
Севастополь,sevastopol,,krym,https://myshtetl.org/krym/sevastopol.html
Белз,belz,,lvov,https://myshtetl.org/lvovskaja/belz.html
Belz,belz_en,,lvov,https://myshtetl.org/lvovskaja/belz_en.html
Berezdivtsi,berezdivtsi,,lvov,https://myshtetl.org/lvovskaja/berezdivtsi.html
Bibrka,bibrka_en,,lvov,https://myshtetl.org/lvovskaja/bibrka_en.html
Bilyi Kamin,bilyi_kamin,,lvov,https://myshtetl.org/lvovskaja/bilyi_kamin.html
Бибрка,bobrka,,lvov,https://myshtetl.org/lvovskaja/bobrka.html
Boryslav,boryslav,,lvov,https://myshtetl.org/lvovskaja/boryslav.html
Броды,brody,,lvov,https://myshtetl.org/lvovskaja/brody.html
Brody cemetery,brody_cemetery,,lvov,https://myshtetl.org/lvovskaja/brody_cemetery.html
Brody,brody_en,,lvov,https://myshtetl.org/lvovskaja/brody_en.html
Буск,busk,,lvov,https://myshtetl.org/lvovskaja/busk.html
Busk,busk_en,,lvov,https://myshtetl.org/lvovskaja/busk_en.html
Dobromyl,dobromyl,,lvov,https://myshtetl.org/lvovskaja/dobromyl.html
Дрогобыч,drohobych,,lvov,https://myshtetl.org/lvovskaja/drohobych.html
Drohobych,drohobych_en,,lvov,https://myshtetl.org/lvovskaja/drohobych_en.html
Dunayiv,dunayiv,,lvov,https://myshtetl.org/lvovskaja/dunayiv.html
Hlyniany,hlyniany,,lvov,https://myshtetl.org/lvovskaja/hlyniany.html
Holohory,holohory,,lvov,https://myshtetl.org/lvovskaja/holohory.html
Horodok,horodok_lv,,lvov,https://myshtetl.org/lvovskaja/horodok_lv.html
Husakiv,husakiv,,lvov,https://myshtetl.org/lvovskaja/husakiv.html
Ivano-Frankove,ivano_frankove,,lvov,https://myshtetl.org/lvovskaja/ivano_frankove.html
Kamyanka-Buzka,kamyanka_buz,,lvov,https://myshtetl.org/lvovskaja/kamyanka_buz.html
Khodoriv,khodoriv,,lvov,https://myshtetl.org/lvovskaja/khodoriv.html
Khyriv,khyriv,,lvov,https://myshtetl.org/lvovskaja/khyriv.html
Komarno,komarno,,lvov,https://myshtetl.org/lvovskaja/komarno.html
Krakovets,krakovets,,lvov,https://myshtetl.org/lvovskaja/krakovets.html
Krukenychi,krukenychi,,lvov,https://myshtetl.org/lvovskaja/krukenychi.html
Krystynopil,krystynopil,,lvov,https://myshtetl.org/lvovskaja/krystynopil.html
Kukeziv,kukeziv,,lvov,https://myshtetl.org/lvovskaja/kukeziv.html
Kulykiv,kulykiv,,lvov,https://myshtetl.org/lvovskaja/kulykiv.html
Lavochne,lavochne,,lvov,https://myshtetl.org/lvovskaja/lavochne.html
Leshniv,leshniv,,lvov,https://myshtetl.org/lvovskaja/leshniv.html
Limna,limna,,lvov,https://myshtetl.org/lvovskaja/limna.html
Lopatyn,lopatyn,,lvov,https://myshtetl.org/lvovskaja/lopatyn.html
Jewish and tourist attractions of Lviv,lvov,"routes, photos, history",lvov,https://myshtetl.org/lvovskaja/lvov.html
Lysyatychy,lysyatychy,,lvov,https://myshtetl.org/lvovskaja/lysyatychy.html
Maheriv,maheriv,,lvov,https://myshtetl.org/lvovskaja/maheriv.html
Medenychi,medenychi,,lvov,https://myshtetl.org/lvovskaja/medenychi.html
Mostyska,mostyska,,lvov,https://myshtetl.org/lvovskaja/mostyska.html
Mykolayiv,mykolayiv_lv,,lvov,https://myshtetl.org/lvovskaja/mykolayiv_lv.html
Nadyby,nadyby,,lvov,https://myshtetl.org/lvovskaja/nadyby.html
Navariya,navariya,,lvov,https://myshtetl.org/lvovskaja/navariya.html
Nemyriv,nemyriv_lv,,lvov,https://myshtetl.org/lvovskaja/nemyriv_lv.html
Nove Misto,nove_misto,,lvov,https://myshtetl.org/lvovskaja/nove_misto.html
Novi Strilyshcha,novi_strilyshcha,,lvov,https://myshtetl.org/lvovskaja/novi_strilyshcha.html
Novyy Vytkiv,novyy_vytkiv,,lvov,https://myshtetl.org/lvovskaja/novyy_vytkiv.html
Novyy Yarychiv,novyy_yarychiv,,lvov,https://myshtetl.org/lvovskaja/novyy_yarychiv.html
Nyzhankovychi,nyzhankovychi,,lvov,https://myshtetl.org/lvovskaja/nyzhankovychi.html
Олесько,olesko,,lvov,https://myshtetl.org/lvovskaja/olesko.html
Olesko,olesko_en,,lvov,https://myshtetl.org/lvovskaja/olesko_en.html
Перемышляны,peremyshliany,,lvov,https://myshtetl.org/lvovskaja/peremyshliany.html
Peremyshliany,peremyshliany_en,,lvov,https://myshtetl.org/lvovskaja/peremyshliany_en.html
Pidbuzh,pidbuzh,,lvov,https://myshtetl.org/lvovskaja/pidbuzh.html
Pidkamin,pidkamin,,lvov,https://myshtetl.org/lvovskaja/pidkamin.html
Подгорцы,podgorcy,,lvov,https://myshtetl.org/lvovskaja/podgorcy.html
Поморяны,pomoriany,,lvov,https://myshtetl.org/lvovskaja/pomoriany.html
Pomoriany,pomoriany_en,,lvov,https://myshtetl.org/lvovskaja/pomoriany_en.html
Potelych,potelych,,lvov,https://myshtetl.org/lvovskaja/potelych.html
Radekhiv,radekhiv,,lvov,https://myshtetl.org/lvovskaja/radekhiv.html
Rava Ruska,rava_ruska,,lvov,https://myshtetl.org/lvovskaja/rava_ruska.html
Rozdil,rozdil,,lvov,https://myshtetl.org/lvovskaja/rozdil.html
Rudky,rudky,,lvov,https://myshtetl.org/lvovskaja/rudky.html
Sambir,sambir_en,,lvov,https://myshtetl.org/lvovskaja/sambir_en.html
Самбор,sambor,,lvov,https://myshtetl.org/lvovskaja/sambor.html
Sasiv,sasiv_en,,lvov,https://myshtetl.org/lvovskaja/sasiv_en.html
Сасов,sasov,,lvov,https://myshtetl.org/lvovskaja/sasov.html
Shchurovychi,shchurovychi,,lvov,https://myshtetl.org/lvovskaja/shchurovychi.html
Shchyrets,shchyrets,,lvov,https://myshtetl.org/lvovskaja/shchyrets.html
Skelivka,skelivka,Felshtyn,lvov,https://myshtetl.org/lvovskaja/skelivka.html
Skole,skole,,lvov,https://myshtetl.org/lvovskaja/skole.html
Сокаль,sokal,,lvov,https://myshtetl.org/lvovskaja/sokal.html
Sokal,sokal_en,,lvov,https://myshtetl.org/lvovskaja/sokal_en.html
Sokoliv,sokoliv_lv,,lvov,https://myshtetl.org/lvovskaja/sokoliv_lv.html
Sokolivka,sokolivka_lv,,lvov,https://myshtetl.org/lvovskaja/sokolivka_lv.html
Stanislavchyk,stanislavchyk_lv,,lvov,https://myshtetl.org/lvovskaja/stanislavchyk_lv.html
Stara Sil,stara_sil,,lvov,https://myshtetl.org/lvovskaja/stara_sil.html
Старый Самбор,staryi_sambor,,lvov,https://myshtetl.org/lvovskaja/staryi_sambor.html
Staryi Sambor,staryi_sambor_en,,lvov,https://myshtetl.org/lvovskaja/staryi_sambor_en.html
Staryy Dobrotvir,staryy_dobrotvir,,lvov,https://myshtetl.org/lvovskaja/staryy_dobrotvir.html
Stoyaniv,stoyaniv,,lvov,https://myshtetl.org/lvovskaja/stoyaniv.html
Stryy,stryy,,lvov,https://myshtetl.org/lvovskaja/stryy.html
Sudova Vyshnya,sudova_vyshnya,,lvov,https://myshtetl.org/lvovskaja/sudova_vyshnya.html
Svirzh,svirzh,,lvov,https://myshtetl.org/lvovskaja/svirzh.html
Tartakiv,tartakiv,,lvov,https://myshtetl.org/lvovskaja/tartakiv.html
Toporiv,toporiv,,lvov,https://myshtetl.org/lvovskaja/toporiv.html
Turka,turka,,lvov,https://myshtetl.org/lvovskaja/turka.html
Uhniv,uhniv,,lvov,https://myshtetl.org/lvovskaja/uhniv.html
Унев,unev,,lvov,https://myshtetl.org/lvovskaja/unev.html
Univ,univ_en,,lvov,https://myshtetl.org/lvovskaja/univ_en.html
Varyazh,varyazh,,lvov,https://myshtetl.org/lvovskaja/varyazh.html
Большие Мосты,velikiye_mosty,,lvov,https://myshtetl.org/lvovskaja/velikiye_mosty.html
Velyki Mosty,velyki_mosty_en,,lvov,https://myshtetl.org/lvovskaja/velyki_mosty_en.html
Vuzlove,vuzlove,,lvov,https://myshtetl.org/lvovskaja/vuzlove.html
Vybranivka,vybranivka,,lvov,https://myshtetl.org/lvovskaja/vybranivka.html
Vynnyky,vynnyky,,lvov,https://myshtetl.org/lvovskaja/vynnyky.html
Yavoriv,yavoriv,,lvov,https://myshtetl.org/lvovskaja/yavoriv.html
Жовква,zhovkva,,lvov,https://myshtetl.org/lvovskaja/zhovkva.html
Zhovkva,zhovkva_en,,lvov,https://myshtetl.org/lvovskaja/zhovkva_en.html
Zhuravno,zhuravno,,lvov,https://myshtetl.org/lvovskaja/zhuravno.html
Zhydachiv,zhydachiv,,lvov,https://myshtetl.org/lvovskaja/zhydachiv.html
Золочев,zolochev,,lvov,https://myshtetl.org/lvovskaja/zolochev.html
Zolochiv,zolochev_en,,lvov,https://myshtetl.org/lvovskaja/zolochev_en.html
Богачевка,bogachevka,кол.,nikolaev,https://myshtetl.org/odesskaja/bogachevka.html
Богдановка,bogdanovka,,nikolaev,https://myshtetl.org/odesskaja/bogdanovka.html
Доманевка,domanevka,,nikolaev,https://myshtetl.org/odesskaja/domanevka.html
Голосково,goloskovo,,nikolaev,https://myshtetl.org/odesskaja/goloskovo.html
Кривое Озеро,krivoe_ozero,,nikolaev,https://myshtetl.org/odesskaja/krivoe_ozero.html
Кулачевка,kulachevka,кол.,nikolaev,https://myshtetl.org/odesskaja/kulachevka.html
Маншурово,manshurovo,кол.,nikolaev,https://myshtetl.org/odesskaja/manshurovo.html
Николаев,nikolaev,,nikolaev,https://myshtetl.org/odesskaja/nikolaev.html
Новая Одесса,nova_odesa,,nikolaev,https://myshtetl.org/odesskaja/nova_odesa.html
Первомайск,pervomaysk,,nikolaev,https://myshtetl.org/odesskaja/pervomaysk.html
Покутино,pokutino,кол.,nikolaev,https://myshtetl.org/odesskaja/pokutino.html
Вознесенск,voznesensk,,nikolaev,https://myshtetl.org/odesskaja/voznesensk.html
Абазовка,abazovka,кол.,odessa,https://myshtetl.org/odesskaja/abazovka.html
Ананьев,ananiev,,odessa,https://myshtetl.org/odesskaja/ananiev.html
Балта,balta,,odessa,https://myshtetl.org/odesskaja/balta.html
Белгород-Днестровский,belgorod,,odessa,https://myshtetl.org/odesskaja/belgorod.html
Березовка,berezovka,,odessa,https://myshtetl.org/odesskaja/berezovka.html
Гельбиново,gelbinovo,кол.,odessa,https://myshtetl.org/odesskaja/gelbinovo.html
Голоче,goloche,кол.,odessa,https://myshtetl.org/odesskaja/goloche.html
Измаил,izmail,,odessa,https://myshtetl.org/odesskaja/izmail.html
Кодыма,kodyma,,odessa,https://myshtetl.org/odesskaja/kodyma.html
Любашевка,lubashevka,,odessa,https://myshtetl.org/odesskaja/lubashevka.html
Одесса,odessa,,odessa,https://myshtetl.org/odesskaja/odessa.html
Саврань,savran,,odessa,https://myshtetl.org/odesskaja/savran.html
Вилково,vilkovo,,odessa,https://myshtetl.org/odesskaja/vilkovo.html
Волярка,volyarka,кол.,odessa,https://myshtetl.org/odesskaja/volyarka.html
Гадяч,gadyach,,poltava,https://myshtetl.org/vostok/gadyach.html
Полтава,poltava,,poltava,https://myshtetl.org/vostok/poltava.html
Antonivka,antonovka_en,colony,rovno,https://myshtetl.org/volyn/antonovka_en.html
Berezhnytsya,berezhnytsya,,rovno,https://myshtetl.org/volyn/berezhnytsya.html
Berezne,berezne,,rovno,https://myshtetl.org/volyn/berezne.html
Boremel,boremel,,rovno,https://myshtetl.org/volyn/boremel.html
Demydivka,demydivka,,rovno,https://myshtetl.org/volyn/demydivka.html
Derazhne,derazhne,,rovno,https://myshtetl.org/volyn/derazhne.html
Dubno,dubno_en,,rovno,https://myshtetl.org/volyn/dubno_en.html
Dubrovytsya,dubrovytsya,,rovno,https://myshtetl.org/volyn/dubrovytsya.html
Glinki,glinki_en,colony,rovno,https://myshtetl.org/volyn/glinki_en.html
Hlynne,hlynne,,rovno,https://myshtetl.org/volyn/hlynne.html
Horyngrad,horyngrad,,rovno,https://myshtetl.org/volyn/horyngrad.html
Hoshcha,hoshcha,,rovno,https://myshtetl.org/volyn/hoshcha.html
Klevan,klevan_en,,rovno,https://myshtetl.org/volyn/klevan_en.html
Korets,korets,,rovno,https://myshtetl.org/volyn/korets.html
Kostopil,kostopil,,rovno,https://myshtetl.org/volyn/kostopil.html
Kozyn,kozyn_rov,,rovno,https://myshtetl.org/volyn/kozyn_rov.html
Krupets,krupets,,rovno,https://myshtetl.org/volyn/krupets.html
Liutynsk,liutynsk,,rovno,https://myshtetl.org/volyn/liutynsk.html
Maloe Sedlishche,maloe_sedlishche_en,col.,rovno,https://myshtetl.org/volyn/maloe_sedlishche_en.html
Mezhyrich,mezhyrich,,rovno,https://myshtetl.org/volyn/mezhyrich.html
Mizoch,mizoch,,rovno,https://myshtetl.org/volyn/mizoch.html
Mlyniv,mlyniv,,rovno,https://myshtetl.org/volyn/mlyniv.html
Mochulki,mochulki_en,colony,rovno,https://myshtetl.org/volyn/mochulki_en.html
Nobel,nobel,,rovno,https://myshtetl.org/volyn/nobel.html
Oleksandriya,oleksandriya_rov,,rovno,https://myshtetl.org/volyn/oleksandriya_rov.html
Olizarka,olizarka_en,colony,rovno,https://myshtetl.org/volyn/olizarka_en.html
Osnytsk,osnytsk,,rovno,https://myshtetl.org/volyn/osnytsk.html
Osova,osova_en,colony,rovno,https://myshtetl.org/volyn/osova_en.html
Ostrog,ostrog_en,,rovno,https://myshtetl.org/volyn/ostrog_en.html
Ostrozhets,ostrozhets,,rovno,https://myshtetl.org/volyn/ostrozhets.html
Ozeryany,ozeryany_en,colony,rovno,https://myshtetl.org/volyn/ozeryany_en.html
Radyvyliv,radyvyliv,,rovno,https://myshtetl.org/volyn/radyvyliv.html
Rafalivka,rafalivka,,rovno,https://myshtetl.org/volyn/rafalivka.html
Rokytne,rokytne,,rovno,https://myshtetl.org/volyn/rokytne.html
Sarny,sarny_rov,,rovno,https://myshtetl.org/volyn/sarny_rov.html
Sernyky,sernyky,,rovno,https://myshtetl.org/volyn/sernyky.html
Sosnove,sosnove,,rovno,https://myshtetl.org/volyn/sosnove.html
Stepan,stepan,,rovno,https://myshtetl.org/volyn/stepan.html
Tarakanov,tarakanov,,rovno,https://myshtetl.org/volyn/tarakanov.html
Tomashhorod,tomashhorod,,rovno,https://myshtetl.org/volyn/tomashhorod.html
Torhovytsya,torhovytsya_rov,,rovno,https://myshtetl.org/volyn/torhovytsya_rov.html
Tuchyn,tuchyn,,rovno,https://myshtetl.org/volyn/tuchyn.html
Varkovychi,varkovychi,,rovno,https://myshtetl.org/volyn/varkovychi.html
Velyki Mezhyrichi,velyki_mezhyrichi,,rovno,https://myshtetl.org/volyn/velyki_mezhyrichi.html
Verba,verba,,rovno,https://myshtetl.org/volyn/verba.html
Volodymyrets,volodymyrets,,rovno,https://myshtetl.org/volyn/volodymyrets.html
Vysotsk,vysotsk,,rovno,https://myshtetl.org/volyn/vysotsk.html
Zarichne,zarichne,,rovno,https://myshtetl.org/volyn/zarichne.html
Zdolbuniv,zdolbuniv,,rovno,https://myshtetl.org/volyn/zdolbuniv.html
Zholudsk,zholudsk_en,colony,rovno,https://myshtetl.org/volyn/zholudsk_en.html
Бахмач,bakhmach,,sumy,https://myshtetl.org/vostok/bakhmach.html
Конотоп,konotop,,sumy,https://myshtetl.org/vostok/konotop.html
Кролевец,krolevets,,sumy,https://myshtetl.org/vostok/krolevets.html
Бережаны,berezhany,,ternopol,https://myshtetl.org/ternoplskaja/berezhany.html
Berezhany,berezhany_en,,ternopol,https://myshtetl.org/ternoplskaja/berezhany_en.html
Bilche-Zolote,bilche-zolote_en,,ternopol,https://myshtetl.org/ternoplskaja/bilche-zolote_en.html
Bilozirka,bilozirka_en,,ternopol,https://myshtetl.org/ternoplskaja/bilozirka_en.html
Борщев,borschev,,ternopol,https://myshtetl.org/ternoplskaja/borschev.html
Borshchiv,borshchiv_en,,ternopol,https://myshtetl.org/ternoplskaja/borshchiv_en.html
Подзамочек,buchach,,ternopol,https://myshtetl.org/ternoplskaja/buchach.html
Buchach,buchach_en,,ternopol,https://myshtetl.org/ternoplskaja/buchach_en.html
Budaniv,budaniv_en,,ternopol,https://myshtetl.org/ternoplskaja/budaniv_en.html
Червоноград,chervonograd,,ternopol,https://myshtetl.org/ternoplskaja/chervonograd.html
Chortkiv,chortkiv_en,,ternopol,https://myshtetl.org/ternoplskaja/chortkiv_en.html
Чортков,chortkov,,ternopol,https://myshtetl.org/ternoplskaja/chortkov.html
Dolyna,dolyna_en,Yaniv,ternopol,https://myshtetl.org/ternoplskaja/dolyna_en.html
Гримайлов,hrimaylov,,ternopol,https://myshtetl.org/ternoplskaja/hrimaylov.html
Hrymailiv,hrimaylov_en,,ternopol,https://myshtetl.org/ternoplskaja/hrimaylov_en.html
Гусятин,husyatin,,ternopol,https://myshtetl.org/ternoplskaja/husyatin.html
Husyatyn,husyatyn_en,,ternopol,https://myshtetl.org/ternoplskaja/husyatyn_en.html
Kasperivtsi,kasperivtsi_en,,ternopol,https://myshtetl.org/ternoplskaja/kasperivtsi_en.html
Katerynivka,katerynivka_en,Katerburg,ternopol,https://myshtetl.org/ternoplskaja/katerynivka_en.html
Khorostkiv,khorostkiv_en,,ternopol,https://myshtetl.org/ternoplskaja/khorostkiv_en.html
Kopychyntsi,kopychyntsi_en,,ternopol,https://myshtetl.org/ternoplskaja/kopychyntsi_en.html
Korolivka,korolivka_en,,ternopol,https://myshtetl.org/ternoplskaja/korolivka_en.html
Коропец,koropec,,ternopol,https://myshtetl.org/ternoplskaja/koropec.html
Koropets,koropec_en,,ternopol,https://myshtetl.org/ternoplskaja/koropec_en.html
Kozliv,kozliv_en,,ternopol,https://myshtetl.org/ternoplskaja/kozliv_en.html
Kozova,kozova_en,,ternopol,https://myshtetl.org/ternoplskaja/kozova_en.html
Кременец,kremenec,,ternopol,https://myshtetl.org/ternoplskaja/kremenec.html
Kremenets,kremenec_en,,ternopol,https://myshtetl.org/ternoplskaja/kremenec_en.html
Кривче,krivche,,ternopol,https://myshtetl.org/ternoplskaja/krivche.html
Kryvche,kryvche_en,,ternopol,https://myshtetl.org/ternoplskaja/kryvche_en.html
Lanivtsi,lanivtsi_en,,ternopol,https://myshtetl.org/ternoplskaja/lanivtsi_en.html
Мельница-Подольская,melnitsa,,ternopol,https://myshtetl.org/ternoplskaja/melnitsa.html
Melnytsya-Podilska,melnytsya_en,,ternopol,https://myshtetl.org/ternoplskaja/melnytsya_en.html
Микулинцы,mikulincy,,ternopol,https://myshtetl.org/ternoplskaja/mikulincy.html
Mykulyntsi,mikulincy_en,,ternopol,https://myshtetl.org/ternoplskaja/mikulincy_en.html
Монастыриска,monastyriska,,ternopol,https://myshtetl.org/ternoplskaja/monastyriska.html
Monastyryska,monastyriska_en,,ternopol,https://myshtetl.org/ternoplskaja/monastyriska_en.html
Narayiv,narayiv_en,,ternopol,https://myshtetl.org/ternoplskaja/narayiv_en.html
Novyi Oleksynets,novyi_oleksynets_en,,ternopol,https://myshtetl.org/ternoplskaja/novyi_oleksynets_en.html
Окопы,okopy,,ternopol,https://myshtetl.org/ternoplskaja/okopy.html
Okopy,okopy_en,,ternopol,https://myshtetl.org/ternoplskaja/okopy_en.html
Ozerna,ozerna_en,,ternopol,https://myshtetl.org/ternoplskaja/ozerna_en.html
Pidvolochysk,pidvolochisk_en,,ternopol,https://myshtetl.org/ternoplskaja/pidvolochisk_en.html
Pochayiv,pochayiv_en,,ternopol,https://myshtetl.org/ternoplskaja/pochayiv_en.html
Подгайцы,podgaycy,,ternopol,https://myshtetl.org/ternoplskaja/podgaycy.html
Pidhaytsi,podgaycy_en,,ternopol,https://myshtetl.org/ternoplskaja/podgaycy_en.html
Probizhna,probizhna_en,,ternopol,https://myshtetl.org/ternoplskaja/probizhna_en.html
Rochmaniv,rokhmaniv_en,,ternopol,https://myshtetl.org/ternoplskaja/rokhmaniv_en.html
Shumsk,shumsk_en,,ternopol,https://myshtetl.org/ternoplskaja/shumsk_en.html
Сидоров,sidorov,,ternopol,https://myshtetl.org/ternoplskaja/sidorov.html
Sydoriv,sidorov_en,,ternopol,https://myshtetl.org/ternoplskaja/sidorov_en.html
Скала-Подольская,skala,,ternopol,https://myshtetl.org/ternoplskaja/skala.html
Skala-Podilska,skala_en,,ternopol,https://myshtetl.org/ternoplskaja/skala_en.html
Скалат,skalat,,ternopol,https://myshtetl.org/ternoplskaja/skalat.html
Skalat,skalat_en,,ternopol,https://myshtetl.org/ternoplskaja/skalat_en.html
Strusiv,strusiv_en,,ternopol,https://myshtetl.org/ternoplskaja/strusiv_en.html
Струсов,strusov,,ternopol,https://myshtetl.org/ternoplskaja/strusov.html
Sukhostav,sukhostav_en,,ternopol,https://myshtetl.org/ternoplskaja/sukhostav_en.html
Terebovlia,terebovlia_en,,ternopol,https://myshtetl.org/ternoplskaja/terebovlia_en.html
Теребовля,terebovlya,,ternopol,https://myshtetl.org/ternoplskaja/terebovlya.html
Тернополь,ternopol,,ternopol,https://myshtetl.org/ternoplskaja/ternopol.html
Толстое,tolstoye,,ternopol,https://myshtetl.org/ternoplskaja/tolstoye.html
Tovste,tovste_en,,ternopol,https://myshtetl.org/ternoplskaja/tovste_en.html
Ulashkivtsi,ulashkivtsi_en,,ternopol,https://myshtetl.org/ternoplskaja/ulashkivtsi_en.html
Ustechko,ustechko_en,,ternopol,https://myshtetl.org/ternoplskaja/ustechko_en.html
Ustya-Zelene,ustya-zelene_en,,ternopol,https://myshtetl.org/ternoplskaja/ustya-zelene_en.html
Velyki Berezhtsi,velyki_berezhtsi_en,,ternopol,https://myshtetl.org/ternoplskaja/velyki_berezhtsi_en.html
Vyshhorodok,vyshhorodok,,ternopol,https://myshtetl.org/ternoplskaja/vyshhorodok.html
Vyshnevets,vyshnevets_en,,ternopol,https://myshtetl.org/ternoplskaja/vyshnevets_en.html
Yahilnytsia,yahilnytsia_en,,ternopol,https://myshtetl.org/ternoplskaja/yahilnytsia_en.html
Язловец,yazlovec,,ternopol,https://myshtetl.org/ternoplskaja/yazlovec.html
Yazlivets,yazlovec_en,,ternopol,https://myshtetl.org/ternoplskaja/yazlovec_en.html
Залещики,zaleschiki,,ternopol,https://myshtetl.org/ternoplskaja/zaleschiki.html
Zalishchyky,zalishchyky_en,,ternopol,https://myshtetl.org/ternoplskaja/zalishchyky_en.html
Zaliztsi,zaliztsi_en,,ternopol,https://myshtetl.org/ternoplskaja/zaliztsi_en.html
Zavaliv,zavaliv_en,,ternopol,https://myshtetl.org/ternoplskaja/zavaliv_en.html
Zbarazh,zbarazh_en,,ternopol,https://myshtetl.org/ternoplskaja/zbarazh_en.html
Zboriv,zboriv_en,,ternopol,https://myshtetl.org/ternoplskaja/zboriv_en.html
Zolotnyky,zolotnyky_en,,ternopol,https://myshtetl.org/ternoplskaja/zolotnyky_en.html
Золотой Поток,zolotoy_potok,,ternopol,https://myshtetl.org/ternoplskaja/zolotoy_potok.html
Zolotyi Potik,zolotyi_potik_en,,ternopol,https://myshtetl.org/ternoplskaja/zolotyi_potik_en.html
Антополь,antopol,,vinnitsa,https://myshtetl.org/vinnitskaja/antopol.html
Бабчинцы,babchincy,,vinnitsa,https://myshtetl.org/vinnitskaja/babchincy.html
Балабановка,balabanivka,,vinnitsa,https://myshtetl.org/vinnitskaja/balabanivka.html
Балановка,balanovka,,vinnitsa,https://myshtetl.org/vinnitskaja/balanovka.html
Бар,bar,,vinnitsa,https://myshtetl.org/vinnitskaja/bar.html
Белополье,belopolye,,vinnitsa,https://myshtetl.org/vinnitskaja/belopolye.html
Бершадь,bershad,,vinnitsa,https://myshtetl.org/vinnitskaja/bershad.html
Борщаговка,borshchagovka,,vinnitsa,https://myshtetl.org/vinnitskaja/borshchagovka.html
Борсков,borskov,,vinnitsa,https://myshtetl.org/vinnitskaja/borskov.html
Брацлав,braclav,,vinnitsa,https://myshtetl.org/vinnitskaja/braclav.html
Браилов,brailov,,vinnitsa,https://myshtetl.org/vinnitskaja/brailov.html
Буша,busha,,vinnitsa,https://myshtetl.org/vinnitskaja/busha.html
Чечельник,chechelnik,,vinnitsa,https://myshtetl.org/vinnitskaja/chechelnik.html
Чернeвцы,chernevcy,,vinnitsa,https://myshtetl.org/vinnitskaja/chernevcy.html
Черномин,chernomyn,,vinnitsa,https://myshtetl.org/vinnitskaja/chernomyn.html
Чернятин,chernyatin,,vinnitsa,https://myshtetl.org/vinnitskaja/chernyatin.html
Дашев,dashev,,vinnitsa,https://myshtetl.org/vinnitskaja/dashev.html
Демидовка,demidovka,,vinnitsa,https://myshtetl.org/vinnitskaja/demidovka.html
Джурин,dzhurin,,vinnitsa,https://myshtetl.org/vinnitskaja/dzhurin.html
Дзыговка,dzygovka,,vinnitsa,https://myshtetl.org/vinnitskaja/dzygovka.html
Дзюньков,dzyunkov,,vinnitsa,https://myshtetl.org/vinnitskaja/dzyunkov.html
Гайсин,gaysin,,vinnitsa,https://myshtetl.org/vinnitskaja/gaysin.html
Гнивань,gnivan,,vinnitsa,https://myshtetl.org/vinnitskaja/gnivan.html
Гранов,granov,,vinnitsa,https://myshtetl.org/vinnitskaja/granov.html
Ильинцы,illincy,,vinnitsa,https://myshtetl.org/vinnitskaja/illincy.html
Янов,ivanov_yanov,,vinnitsa,https://myshtetl.org/vinnitskaja/ivanov_yanov.html
Ялтушков,jaltushkov,,vinnitsa,https://myshtetl.org/vinnitskaja/jaltushkov.html
Ямполь,jampol,,vinnitsa,https://myshtetl.org/vinnitskaja/jampol.html
Яруга,jaruha,,vinnitsa,https://myshtetl.org/vinnitskaja/jaruha.html
Ярышев,jaryshev,,vinnitsa,https://myshtetl.org/vinnitskaja/jaryshev.html
Калиновка,kalinovka,,vinnitsa,https://myshtetl.org/vinnitskaja/kalinovka.html
Казатин,kazatin,,vinnitsa,https://myshtetl.org/vinnitskaja/kazatin.html
Хмельник,khmelnik,,vinnitsa,https://myshtetl.org/vinnitskaja/khmelnik.html
Киблич,kiblich,,vinnitsa,https://myshtetl.org/vinnitskaja/kiblich.html
Кильяновка,kilianovka,кол.,vinnitsa,https://myshtetl.org/vinnitskaja/kilianovka.html
Китайгород,kitayhorod_vin,,vinnitsa,https://myshtetl.org/vinnitskaja/kitayhorod_vin.html
Княжеполь,knyazhepol,,vinnitsa,https://myshtetl.org/vinnitskaja/knyazhepol.html
Комаргород,komargorod,,vinnitsa,https://myshtetl.org/vinnitskaja/komargorod.html
Копайгород,kopaygorod,,vinnitsa,https://myshtetl.org/vinnitskaja/kopaygorod.html
Королевка,korolevka,,vinnitsa,https://myshtetl.org/vinnitskaja/korolevka.html
Котюжаны,kotyuzhany,,vinnitsa,https://myshtetl.org/vinnitskaja/kotyuzhany.html
Красное,krasnoye,,vinnitsa,https://myshtetl.org/vinnitskaja/krasnoye.html
Крыжополь,krizhopol,,vinnitsa,https://myshtetl.org/vinnitskaja/krizhopol.html
Куна,kuna,,vinnitsa,https://myshtetl.org/vinnitskaja/kuna.html
Ладыжин,ladyzhin,,vinnitsa,https://myshtetl.org/vinnitskaja/ladyzhin.html
Липовец,lipovec,,vinnitsa,https://myshtetl.org/vinnitskaja/lipovec.html
Литин,litin,,vinnitsa,https://myshtetl.org/vinnitskaja/litin.html
Лучинец,luchinets,,vinnitsa,https://myshtetl.org/vinnitskaja/luchinets.html
Лукашевка,lukashivka_vin,,vinnitsa,https://myshtetl.org/vinnitskaja/lukashivka_vin.html
Махновка,makhnovka,,vinnitsa,https://myshtetl.org/vinnitskaja/makhnovka.html
Малая Ростовка,mala_rostovka,,vinnitsa,https://myshtetl.org/vinnitskaja/mala_rostovka.html
Маньковцы,mankovcy,,vinnitsa,https://myshtetl.org/vinnitskaja/mankovcy.html
Марковка,markovka,,vinnitsa,https://myshtetl.org/vinnitskaja/markovka.html
Межиров,mezhirov,,vinnitsa,https://myshtetl.org/vinnitskaja/mezhirov.html
Мизяков,mizyakov,,vinnitsa,https://myshtetl.org/vinnitskaja/mizyakov.html
Могилев-Подольский,mogilev,,vinnitsa,https://myshtetl.org/vinnitskaja/mogilev.html
Мурафа,murafa,,vinnitsa,https://myshtetl.org/vinnitskaja/murafa.html
Мурованые Куриловцы,murkurilovcy,,vinnitsa,https://myshtetl.org/vinnitskaja/murkurilovcy.html
Городковка,myastkovka,Мястковка,vinnitsa,https://myshtetl.org/vinnitskaja/myastkovka.html
Мытки,mytki,,vinnitsa,https://myshtetl.org/vinnitskaja/mytki.html
Некрасово,nekrasovo,Юзвин,vinnitsa,https://myshtetl.org/vinnitskaja/nekrasovo.html
Немиров,nemirov,,vinnitsa,https://myshtetl.org/vinnitskaja/nemirov.html
Носковцы,noskovcy,,vinnitsa,https://myshtetl.org/vinnitskaja/noskovcy.html
Новина,noviny,зем.кол.,vinnitsa,https://myshtetl.org/vinnitskaja/noviny.html
Новофастов,novofastov,,vinnitsa,https://myshtetl.org/vinnitskaja/novofastov.html
Ободовка,obodovka,,vinnitsa,https://myshtetl.org/vinnitskaja/obodovka.html
Ольгополь,olgopol,,vinnitsa,https://myshtetl.org/vinnitskaja/olgopol.html
Оратов,oratov,,vinnitsa,https://myshtetl.org/vinnitskaja/oratov.html
Озаринцы,ozarincy,,vinnitsa,https://myshtetl.org/vinnitskaja/ozarincy.html
Печера,pechora,,vinnitsa,https://myshtetl.org/vinnitskaja/pechora.html
Песчанка,peschanka,,vinnitsa,https://myshtetl.org/vinnitskaja/peschanka.html
Пиков,pikov,,vinnitsa,https://myshtetl.org/vinnitskaja/pikov.html
Плисков,pliskov,,vinnitsa,https://myshtetl.org/vinnitskaja/pliskov.html
Погребище,pogrebishche,,vinnitsa,https://myshtetl.org/vinnitskaja/pogrebishche.html
Поповцы,popovcy,,vinnitsa,https://myshtetl.org/vinnitskaja/popovcy.html
Райгород,rayhorod,,vinnitsa,https://myshtetl.org/vinnitskaja/rayhorod.html
Сальница,salnitsa,,vinnitsa,https://myshtetl.org/vinnitskaja/salnitsa.html
Самгородок,samgorodok,,vinnitsa,https://myshtetl.org/vinnitskaja/samgorodok.html
Селище,selische,,vinnitsa,https://myshtetl.org/vinnitskaja/selische.html
Серебринцы,serebrincy,,vinnitsa,https://myshtetl.org/vinnitskaja/serebrincy.html
Севериновка,severinovka,,vinnitsa,https://myshtetl.org/vinnitskaja/severinovka.html
Шаргород,shargorod,,vinnitsa,https://myshtetl.org/vinnitskaja/shargorod.html
Шпиков,shpikov,,vinnitsa,https://myshtetl.org/vinnitskaja/shpikov.html
Снитков,snitkov,,vinnitsa,https://myshtetl.org/vinnitskaja/snitkov.html
Соболевка,sobolevka,,vinnitsa,https://myshtetl.org/vinnitskaja/sobolevka.html
Спичинцы,spichency,,vinnitsa,https://myshtetl.org/vinnitskaja/spichency.html
Станиславчик,stanislavchik,,vinnitsa,https://myshtetl.org/vinnitskaja/stanislavchik.html
Старая Прилука,stara_priluka,,vinnitsa,https://myshtetl.org/vinnitskaja/stara_priluka.html
Стена,stena,,vinnitsa,https://myshtetl.org/vinnitskaja/stena.html
Стрижавка,strizhavka,,vinnitsa,https://myshtetl.org/vinnitskaja/strizhavka.html
Теплик,teplyk,,vinnitsa,https://myshtetl.org/vinnitskaja/teplyk.html
Терновка,ternovka,,vinnitsa,https://myshtetl.org/vinnitskaja/ternovka.html
Томашполь,tomashpol,,vinnitsa,https://myshtetl.org/vinnitskaja/tomashpol.html
Тростянец,trostyanec,,vinnitsa,https://myshtetl.org/vinnitskaja/trostyanec.html
Цекиновка,tsekinovka,,vinnitsa,https://myshtetl.org/vinnitskaja/tsekinovka.html
Тульчин,tulchin,,vinnitsa,https://myshtetl.org/vinnitskaja/tulchin.html
Тывров,tyvrov,,vinnitsa,https://myshtetl.org/vinnitskaja/tyvrov.html
Уланов,ulanov,,vinnitsa,https://myshtetl.org/vinnitskaja/ulanov.html
Высшеолчедаев,v_olchedaev,,vinnitsa,https://myshtetl.org/vinnitskaja/v_olchedaev.html
Вахновка,vakhnovka,,vinnitsa,https://myshtetl.org/vinnitskaja/vakhnovka.html
Вапнярка,vapnyarka,,vinnitsa,https://myshtetl.org/vinnitskaja/vapnyarka.html
Великая Косница,velika_kosnica,,vinnitsa,https://myshtetl.org/vinnitskaja/velika_kosnica.html
Вербовец,verbovec,,vinnitsa,https://myshtetl.org/vinnitskaja/verbovec.html
Верховка,verkhovka,,vinnitsa,https://myshtetl.org/vinnitskaja/verkhovka.html
"""Вервольф""",vervolf,,vinnitsa,https://myshtetl.org/vinnitskaja/vervolf.html
Винница,vinnica,,vinnitsa,https://myshtetl.org/vinnitskaja/vinnica.html
Вороновица,voronovica,,vinnitsa,https://myshtetl.org/vinnitskaja/voronovica.html
Ворошиловка,voroshilovka,,vinnitsa,https://myshtetl.org/vinnitskaja/voroshilovka.html
Жабокрич,zhabokrich,,vinnitsa,https://myshtetl.org/vinnitskaja/zhabokrich.html
Животов,zhivotov,,vinnitsa,https://myshtetl.org/vinnitskaja/zhivotov.html
Жмеринка,zhmerinka,,vinnitsa,https://myshtetl.org/vinnitskaja/zhmerinka.html
Жорнище,zhornische,,vinnitsa,https://myshtetl.org/vinnitskaja/zhornische.html
Зозов,zozov,,vinnitsa,https://myshtetl.org/vinnitskaja/zozov.html
Зятковцы,zyatkovcy,,vinnitsa,https://myshtetl.org/vinnitskaja/zyatkovcy.html
Berestechko,berestechko,,volyn,https://myshtetl.org/volyn/berestechko.html
Chartoryisk,chartoryisk,,volyn,https://myshtetl.org/volyn/chartoryisk.html
Ignatovka/ Игнатовка,hnativka_en,Lozhysche,volyn,https://myshtetl.org/volyn/hnativka_en.html
Holoby,holoby,,volyn,https://myshtetl.org/volyn/holoby.html
Horodok,horodok_vol,,volyn,https://myshtetl.org/volyn/horodok_vol.html
Horokhiv,horokhiv,,volyn,https://myshtetl.org/volyn/horokhiv.html
Hulivka,hulivka_hulevichi,Hulevichi,volyn,https://myshtetl.org/volyn/hulivka_hulevichi.html
Kamin-Kashyrskyy,kamin_kashyrskyy,,volyn,https://myshtetl.org/volyn/kamin_kashyrskyy.html
Kashivka,kashivka,,volyn,https://myshtetl.org/volyn/kashivka.html
Kolki,kolki_en,,volyn,https://myshtetl.org/volyn/kolki_en.html
Korshovets,korshovets,,volyn,https://myshtetl.org/volyn/korshovets.html
Korytnytsya,korytnytsya,,volyn,https://myshtetl.org/volyn/korytnytsya.html
Kovel,kovel,,volyn,https://myshtetl.org/volyn/kovel.html
Kysylyn,kysylyn,,volyn,https://myshtetl.org/volyn/kysylyn.html
Liubeshiv,liubeshiv,,volyn,https://myshtetl.org/volyn/liubeshiv.html
Lobachivka,lobachivka,,volyn,https://myshtetl.org/volyn/lobachivka.html
Lokachi,lokachi,,volyn,https://myshtetl.org/volyn/lokachi.html
Lukiv,lukiv_matseiv,Matseiv,volyn,https://myshtetl.org/volyn/lukiv_matseiv.html
Lutsk,lutsk,,volyn,https://myshtetl.org/volyn/lutsk.html
Lyshnivka,lyshnivka,,volyn,https://myshtetl.org/volyn/lyshnivka.html
Lyuboml,lyuboml,,volyn,https://myshtetl.org/volyn/lyuboml.html
Mala & Velyka Hlusha,mala_hlusha,,volyn,https://myshtetl.org/volyn/mala_hlusha.html
Manevychi,manevychi,,volyn,https://myshtetl.org/volyn/manevychi.html
Melnytsya,melnytsya_vol,,volyn,https://myshtetl.org/volyn/melnytsya_vol.html
Mylyatyn,mylyatyn_vol,,volyn,https://myshtetl.org/volyn/mylyatyn_vol.html
Nova Vyzhva,nova_vyzhva,,volyn,https://myshtetl.org/volyn/nova_vyzhva.html
Olyka,olyka_en,,volyn,https://myshtetl.org/volyn/olyka_en.html
Ozeryany,ozeryany_vol,,volyn,https://myshtetl.org/volyn/ozeryany_vol.html
Ozyutychi,ozyutychi,,volyn,https://myshtetl.org/volyn/ozyutychi.html
Pavlivka,pavlivka_poryck,Poryck,volyn,https://myshtetl.org/volyn/pavlivka_poryck.html
Ratne,ratne,,volyn,https://myshtetl.org/volyn/ratne.html
Rozhyshche,rozhyshche,,volyn,https://myshtetl.org/volyn/rozhyshche.html
Sokil,sokil_vol,,volyn,https://myshtetl.org/volyn/sokil_vol.html
Stobykhva,stobykhva,,volyn,https://myshtetl.org/volyn/stobykhva.html
Pryvitne (,svyniukhy,,volyn,https://myshtetl.org/volyn/svyniukhy.html
Torchyn,torchyn,,volyn,https://myshtetl.org/volyn/torchyn.html
Toykut,toykut,,volyn,https://myshtetl.org/volyn/toykut.html
Sofievka/ Софиевка,trohimbrod_en,Trokhimbrod,volyn,https://myshtetl.org/volyn/trohimbrod_en.html
Troyanivka,troyanivka,,volyn,https://myshtetl.org/volyn/troyanivka.html
Turiisk,turiisk_en,,volyn,https://myshtetl.org/volyn/turiisk_en.html
Ustyluh,ustyluh,,volyn,https://myshtetl.org/volyn/ustyluh.html
Volnyanka,volnyanka,,volyn,https://myshtetl.org/volyn/volnyanka.html
Volodymyr,volodymyr,,volyn,https://myshtetl.org/volyn/volodymyr.html
Vyshnivka,vyshnivka_opalin,Opalin,volyn,https://myshtetl.org/volyn/vyshnivka_opalin.html
Zhuravnyky,zhuravnyky,,volyn,https://myshtetl.org/volyn/zhuravnyky.html
Берегово,beregovo,,zakarpatiye,https://myshtetl.org/zakarpat/beregovo.html
Береговский район,beregovo_dstr,,zakarpatiye,https://myshtetl.org/zakarpat/beregovo_dstr.html
Чинадиево,chinadievo,,zakarpatiye,https://myshtetl.org/zakarpat/chinadievo.html
Хуст,khust,,zakarpatiye,https://myshtetl.org/zakarpat/khust.html
Хустский район,khust_dstr,,zakarpatiye,https://myshtetl.org/zakarpat/khust_dstr.html
Великие Комяты,komyaty,,zakarpatiye,https://myshtetl.org/zakarpat/komyaty.html
Королево,korolevo,,zakarpatiye,https://myshtetl.org/zakarpat/korolevo.html
Квасы,kvasy,,zakarpatiye,https://myshtetl.org/zakarpat/kvasy.html
Мукачево,mukachevo,,zakarpatiye,https://myshtetl.org/zakarpat/mukachevo.html
Мукачевский район,mukachevo_dstr,,zakarpatiye,https://myshtetl.org/zakarpat/mukachevo_dstr.html
Невицкое,nevickoye,,zakarpatiye,https://myshtetl.org/zakarpat/nevickoye.html
Раховский район,rakhov_dstr,,zakarpatiye,https://myshtetl.org/zakarpat/rakhov_dstr.html
Синевир,sinevir,,zakarpatiye,https://myshtetl.org/zakarpat/sinevir.html
Среднее,sredneye,,zakarpatiye,https://myshtetl.org/zakarpat/sredneye.html
Тячевский район,tyachev_dstr,,zakarpatiye,https://myshtetl.org/zakarpat/tyachev_dstr.html
Ужгород,uzhgorod,,zakarpatiye,https://myshtetl.org/zakarpat/uzhgorod.html
Ужгородский район,uzhhorod_dstr,,zakarpatiye,https://myshtetl.org/zakarpat/uzhhorod_dstr.html
Вилок,vilok,,zakarpatiye,https://myshtetl.org/zakarpat/vilok.html
Виноградов,vinogradov,,zakarpatiye,https://myshtetl.org/zakarpat/vinogradov.html
Бердянск,berdyansk,,zapor,https://myshtetl.org/dnepropetrovsk/berdyansk.html
Богодаровка,bogodarovka,колония №10,zapor,https://myshtetl.org/dnepropetrovsk/bogodarovka.html
Горькая,gorkaya,колония №11,zapor,https://myshtetl.org/dnepropetrovsk/gorkaya.html
Графская,grafskaya,колония №7,zapor,https://myshtetl.org/dnepropetrovsk/grafskaya.html
Камышеваха,kamyshevakha,,zapor,https://myshtetl.org/dnepropetrovsk/kamyshevakha.html
Красноселка,krasnoselka,колония №3,zapor,https://myshtetl.org/dnepropetrovsk/krasnoselka.html
Мелитополь,melitopol,,zapor,https://myshtetl.org/dnepropetrovsk/melitopol.html
Межирич,mezhirich_zp,колония №4,zapor,https://myshtetl.org/dnepropetrovsk/mezhirich_zp.html
Надежная,nadezhnaya,колония №13,zapor,https://myshtetl.org/dnepropetrovsk/nadezhnaya.html
Нечаевка,nechaevka,колония №6,zapor,https://myshtetl.org/dnepropetrovsk/nechaevka.html
Новозлатопольский национальный район,novozlatopol,,zapor,https://myshtetl.org/dnepropetrovsk/novozlatopol.html
Новозлатополь,novozlatopol2,колония №1,zapor,https://myshtetl.org/dnepropetrovsk/novozlatopol2.html
Пологи,polohy,,zapor,https://myshtetl.org/dnepropetrovsk/polohy.html
Приютная,priyutnaya,колония №8,zapor,https://myshtetl.org/dnepropetrovsk/priyutnaya.html
Роскошная,roskoshnaya,колония №9,zapor,https://myshtetl.org/dnepropetrovsk/roskoshnaya.html
Сладководная,sladkovodnaya,колония №14,zapor,https://myshtetl.org/dnepropetrovsk/sladkovodnaya.html
Терпение,terpeniye,,zapor,https://myshtetl.org/dnepropetrovsk/terpeniye.html
Токмак,tokmak,,zapor,https://myshtetl.org/dnepropetrovsk/tokmak.html
Трудолюбовка,trudolyubovka,колония №5,zapor,https://myshtetl.org/dnepropetrovsk/trudolyubovka.html
Васильевка,vasilievka,,zapor,https://myshtetl.org/dnepropetrovsk/vasilievka.html
Веселая,veselaya,колония №2,zapor,https://myshtetl.org/dnepropetrovsk/veselaya.html
Зеленополь,zelenopol,колония №12,zapor,https://myshtetl.org/dnepropetrovsk/zelenopol.html
Андрушевка,andrushevka,,zhitomir,https://myshtetl.org/zhitomirskaja/andrushevka.html
Барановка,baranovka,,zhitomir,https://myshtetl.org/zhitomirskaja/baranovka.html
Бараши,barashi,,zhitomir,https://myshtetl.org/zhitomirskaja/barashi.html
Бердичев,berdichev,,zhitomir,https://myshtetl.org/zhitomirskaja/berdichev.html
Белиловка,bilylivka,,zhitomir,https://myshtetl.org/zhitomirskaja/bilylivka.html
Брусилов,brusyliv,,zhitomir,https://myshtetl.org/zhitomirskaja/brusyliv.html
Черняхов,chernyakhov,,zhitomir,https://myshtetl.org/zhitomirskaja/chernyakhov.html
Червоное,chervone,,zhitomir,https://myshtetl.org/zhitomirskaja/chervone.html
Чоповичи,chopovichi,,zhitomir,https://myshtetl.org/zhitomirskaja/chopovichi.html
Чуднов,chudnov,,zhitomir,https://myshtetl.org/zhitomirskaja/chudnov.html
Дениши,denishi,,zhitomir,https://myshtetl.org/zhitomirskaja/denishi.html
Емильчино,emilchino,,zhitomir,https://myshtetl.org/zhitomirskaja/emilchino.html
Горбулев,gorbuliv,,zhitomir,https://myshtetl.org/zhitomirskaja/gorbuliv.html
Городковка,horodkovka,,zhitomir,https://myshtetl.org/zhitomirskaja/horodkovka.html
Городница,horodnitsa,,zhitomir,https://myshtetl.org/zhitomirskaja/horodnitsa.html
Ивница,ivnica,,zhitomir,https://myshtetl.org/zhitomirskaja/ivnica.html
Ходорков,khodorkov,,zhitomir,https://myshtetl.org/zhitomirskaja/khodorkov.html
Хорошев,khoroshev,,zhitomir,https://myshtetl.org/zhitomirskaja/khoroshev.html
Кодня,kodnya,,zhitomir,https://myshtetl.org/zhitomirskaja/kodnya.html
Корнин,kornyn,,zhitomir,https://myshtetl.org/zhitomirskaja/kornyn.html
Коростелевская,korostelevskaya,кол.,zhitomir,https://myshtetl.org/zhitomirskaja/korostelevskaya.html
Коростень,korosten,,zhitomir,https://myshtetl.org/zhitomirskaja/korosten.html
Коростышев,korostyshev,,zhitomir,https://myshtetl.org/zhitomirskaja/korostyshev.html
Краснополь,krasnopil_zh,,zhitomir,https://myshtetl.org/zhitomirskaja/krasnopil_zh.html
Ксаверов,ksaveriv,,zhitomir,https://myshtetl.org/zhitomirskaja/ksaveriv.html
Левков,levkov_leshchin,,zhitomir,https://myshtetl.org/zhitomirskaja/levkov_leshchin.html
Лугины,luhiny,,zhitomir,https://myshtetl.org/zhitomirskaja/luhiny.html
Любар,lyubar,,zhitomir,https://myshtetl.org/zhitomirskaja/lyubar.html
Малин,malin,,zhitomir,https://myshtetl.org/zhitomirskaja/malin.html
Мирополь,myropil,,zhitomir,https://myshtetl.org/zhitomirskaja/myropil.html
Народичи,narodychi,,zhitomir,https://myshtetl.org/zhitomirskaja/narodychi.html
Низгурцы,nizgurtsy,кол.,zhitomir,https://myshtetl.org/zhitomirskaja/nizgurtsy.html
Норинск,norinsk,,zhitomir,https://myshtetl.org/zhitomirskaja/norinsk.html
Новая Чертория,nova_chartoriya,,zhitomir,https://myshtetl.org/zhitomirskaja/nova_chartoriya.html
Олевск,olevsk,,zhitomir,https://myshtetl.org/zhitomirskaja/olevsk.html
Овруч,ovruch,,zhitomir,https://myshtetl.org/zhitomirskaja/ovruch.html
Паволочь,pavoloch,,zhitomir,https://myshtetl.org/zhitomirskaja/pavoloch.html
Попельня,popilnya,,zhitomir,https://myshtetl.org/zhitomirskaja/popilnya.html
Пулины,puliny,,zhitomir,https://myshtetl.org/zhitomirskaja/puliny.html
Пятка,pyatka,,zhitomir,https://myshtetl.org/zhitomirskaja/pyatka.html
Райгородок,raygorodok,,zhitomir,https://myshtetl.org/zhitomirskaja/raygorodok.html
Рогачев,rogachev,,zhitomir,https://myshtetl.org/zhitomirskaja/rogachev.html
Романов,romanov_zh,,zhitomir,https://myshtetl.org/zhitomirskaja/romanov_zh.html
Романовка,romanovka,кол.,zhitomir,https://myshtetl.org/zhitomirskaja/romanovka.html
Романовка,romanovka_skv,местечко,zhitomir,https://myshtetl.org/zhitomirskaja/romanovka_skv.html
Ружин,ruzhin,,zhitomir,https://myshtetl.org/zhitomirskaja/ruzhin.html
Скураты,skuraty,,zhitomir,https://myshtetl.org/zhitomirskaja/skuraty.html
Слободская,slobodskaya,кол.,zhitomir,https://myshtetl.org/zhitomirskaja/slobodskaya.html
Словечно,slovechno,,zhitomir,https://myshtetl.org/zhitomirskaja/slovechno.html
Соколов,sokolov_zh,,zhitomir,https://myshtetl.org/zhitomirskaja/sokolov_zh.html
Старая Котельня,stara_kotelnya,,zhitomir,https://myshtetl.org/zhitomirskaja/stara_kotelnya.html
Топоры & Рогачи,topory_rogachi,,zhitomir,https://myshtetl.org/zhitomirskaja/topory_rogachi.html
Троянов,troyaniv,,zhitomir,https://myshtetl.org/zhitomirskaja/troyaniv.html
Ушомир,ushomir,,zhitomir,https://myshtetl.org/zhitomirskaja/ushomir.html
Вчерайше,vcherayshe,,zhitomir,https://myshtetl.org/zhitomirskaja/vcherayshe.html
Веледники,veledniki,,zhitomir,https://myshtetl.org/zhitomirskaja/veledniki.html
Верховня,verhovnya,,zhitomir,https://myshtetl.org/zhitomirskaja/verhovnya.html
Вильская,vilskaya,кол.,zhitomir,https://myshtetl.org/zhitomirskaja/vilskaya.html
Выдыборская,vydyborskaya,кол.,zhitomir,https://myshtetl.org/zhitomirskaja/vydyborskaya.html
Янушполь,yanushpol,,zhitomir,https://myshtetl.org/zhitomirskaja/yanushpol.html
Житомир,zhitomir,,zhitomir,https://myshtetl.org/zhitomirskaja/zhitomir.html
